[
    {
        "id": "K001",
        "desc" : "Fake LED w/blue Ring",
        "price" : "34.5",
        "unit" : "PCS",
        "MinQty" : "10"
    },
    {
        "id": "C001",
        "desc" : "True Cutter with 3 Teetth",
        "price" : "24.71",
        "unit" : "DOZEN",
        "MinQty" : "1"
    },
    {
        "id": "Z001",
        "desc" : "Big Zebra with Green Strips",
        "price" : "2400.36",
        "unit" : "PAIR",
        "MinQty" : "1"
    },
    {
        "id": "Z004",
        "desc" : "Orange Juice with Posion",
        "price" : "1",
        "unit" : "L",
        "MinQty" : "2"
    }
]