<root xmlns:sch="urn:schemox" xmlns:sca="urn:schemox-attribute" xmlns:uii="urn:UI-instruction" >
	<sca:delete ns="uii">
		<sch:boolean />
	</sca:delete>
	<sca:delete>
		<sch:boolean />
	</sca:delete>
	<vendor sch:min="1" sch:max="1">
		<sch:string max="50" min="7" />
	</vendor>

	<order sch:min="0" sch:max="3" >
		<sca:delete ns="uii">
			<sch:boolean />
		</sca:delete>
		<ref sch:min="1" sch:max="1">
			<sch:string length="10" />
		</ref>
		<date sch:min="1" sch:max="1">
			<sch:date min="1990-01-01" max="2050-12-30" />
		</date>
		<type sch:min="0" sch:max="1">
			<sch:enum>
				<sch:EnumItem>simple</sch:EnumItem>
				<sch:EnumItem>blank</sch:EnumItem>
				<sch:EnumItem>commplex</sch:EnumItem>
			</sch:enum>
		</type>
		<vendor sch:min="1" sch:max="1">
			<sch:string max="50" min="7" />
		</vendor>
		<line sch:min="0" sch:max="100">
			<sca:delete ns="uii">
				<sch:boolean />
			</sca:delete>
			<LineNo sch:min="1" sch:max="1">
				<sch:int min="1" max="100" />
			</LineNo>
			<ItemId sch:min="1" sch:max="1">
				<sch:int min="0" />
			</ItemId>
			<desc sch:min="0" sch:max="1">
				<sch:string max="250" min="0" />
			</desc>
			<price sch:min="1" sch:max="1">
				<sch:float min="0" />
			</price>
			<qty sch:min="1" sch:max="1">
				<sch:int min="0" />
			</qty>
			<amount sch:min="1" sch:max="1">
				<sch:float min="0" />
			</amount>
		</line>
		<TotalAmount sch:min="1" sch:max="1">
			<sch:float min="0" />
		</TotalAmount>
		<uii:submit sch:min="1" sch:max="1">
			<sch:boolean />
		</uii:submit>
	</order>
	
</root>