<root xmlns:sch="urn:schemox" xmlns:sca="urn:schemox-attribute" xmlns:odx="urn:Ordox" xmlns:adx="urn:Ordox/Addix">

	<sch:declare section="a1">
		<person>
			<name>
				<sch:string/>
			</name>
			<age>
				<sch:int/>
			</age>
			<contact>
				<sch:string/>
			</contact>
		</person>	
	</sch:declare>

	<crm>
		<vendors>
			<sch:ref section="a1" xpath="person">
				<odx:person sch:min="0"  sch:max=""/>
			</sch:ref>
		</vendors>
		
		<sch:ref xpath="person">
			<odx:person sch:min="0" sch:max="" OutputTag="sales">
				<age>
					<odx:int ns="sch" sch:min="18" />
				</age>
				<adx:commision>
					<sch:float/>
				</adx:commision>
			</odx:person>
		</sch:ref>

	</crm>

</root>