<root xmlns:sch="urn:schemox" xmlns:sca="urn:schemox-attribute" xmlns:uii="urn:UI-instruction"  xmlns:gv="urn:group-validation">

	

	<order sch:min="0" sch:max="3" >
		<sch:UniqueName>
			<sch:int />
		</sch:UniqueName>
		
		<qty>
			<sch:int />
		</qty>
		<UnitPrice>
			<sch:float/>			
		</UnitPrice>
		
		<TotalAmount>
			<sch:float min="0" />
		</TotalAmount>
		<sch:ValidationScript FailMsg ="TotalAmount incorrect">
			(content) => {
				Console.log ( content );
				return parseFloat (content.TotalAmount)  ==  parseFloat(content.UnitPrice) * parseInt( qty); 
			}
		</sch:ValidationScript>
	</order>
	
</root>