<root xmlns:sch="urn:schemox" xmlns:sca="urn:schemox-attribute" xmlns:uii="urn:UI-instruction"  xmlns:gv="urn:group-validation">
	<sch:TypeDef name="BOM">
		<part>
			<sca:name>
				<sch:string/>
			</sca:name>
			<sca:qty>
				<sch:int/>
			</sca:qty>
			<sca:TimeInMins>
				<sch:int />
			</sca:TimeInMins>
			<sca:cost>
				<sch:float/>
			</sca:cost>
			<sch:ref ref="BOM" min="0" />
			<gv:PartsDepend>
				<gv:fail>
					<gv:and>
						<gv:not>
							<gv:select>part</gv:select>
						</gv:not>
						<gv:or>
							<gv:select>@TimeInMins</gv:select>
							<gv:select>@cost</gv:select>
							<gv:select>@qty</gv:select>
						</gv:or>
					</gv:and>
				</gv:fail>
			</gv:PartsDepend>
		</part>
	</sch:TypeDef>
	
	<vendor sch:min="1" sch:max="1">
		<sch:string max="50" min="7" />
	</vendor>

	<order sch:min="0" sch:max="3" >
		<bom>
			<sch:any min="1" max="2">
				<sch:ref ref="BOM"/>
			</sch:any>
			<sch:any ns="uii">
			</sch:any>
		</bom>
		
		<TotalAmount sch:min="1" sch:max="1">
			<sch:float min="0" />
		</TotalAmount>
	</order>
	
</root>