[
    {
        "createDate": 1433122377837,
        "Codeid": "135",
        "codevalue": "AMBO",
        "codedesc": "Ambon",
        "codetype": "City"
    },
    {
        "createDate": 1433122377840,
        "Codeid": "136",
        "codevalue": "ATAM",
        "codedesc": "Atambua",
        "codetype": "City"
    },
    {
        "createDate": 1433122377850,
        "Codeid": "137",
        "codevalue": "BALI",
        "codedesc": "Balikpapan",
        "codetype": "City"
    },
    {
        "createDate": 1433122377850,
        "Codeid": "138",
        "codevalue": "BANA",
        "codedesc": "Banda Aceh",
        "codetype": "City"
    },
    {
        "createDate": 1433122377853,
        "Codeid": "139",
        "codevalue": "BANB",
        "codedesc": "Banjarbaru",
        "codetype": "City"
    },
    {
        "createDate": 1433122377853,
        "Codeid": "140",
        "codevalue": "BAND",
        "codedesc": "Bandung",
        "codetype": "City"
    },
    {
        "createDate": 1433122377857,
        "Codeid": "141",
        "codevalue": "BANL",
        "codedesc": "Bandar Lampung",
        "codetype": "City"
    },
    {
        "createDate": 1433122377857,
        "Codeid": "142",
        "codevalue": "BANM",
        "codedesc": "Banjarmasin",
        "codetype": "City"
    },
    {
        "createDate": 1433122377860,
        "Codeid": "143",
        "codevalue": "BATA",
        "codedesc": "Batam",
        "codetype": "City"
    },
    {
        "createDate": 1433122377860,
        "Codeid": "144",
        "codevalue": "BATU",
        "codedesc": "Batu",
        "codetype": "City"
    },
    {
        "createDate": 1433122377860,
        "Codeid": "145",
        "codevalue": "BAUB",
        "codedesc": "Bau-Bau",
        "codetype": "City"
    },
    {
        "createDate": 1433122377863,
        "Codeid": "146",
        "codevalue": "BEKA",
        "codedesc": "Bekasi",
        "codetype": "City"
    },
    {
        "createDate": 1433122377863,
        "Codeid": "147",
        "codevalue": "BENG",
        "codedesc": "Bengkulu",
        "codetype": "City"
    },
    {
        "createDate": 1433122377867,
        "Codeid": "148",
        "codevalue": "BIMA",
        "codedesc": "Bima",
        "codetype": "City"
    },
    {
        "createDate": 1433122377867,
        "Codeid": "149",
        "codevalue": "BINJ",
        "codedesc": "Binjai",
        "codetype": "City"
    },
    {
        "createDate": 1433122377870,
        "Codeid": "150",
        "codevalue": "BIRE",
        "codedesc": "Bireuen",
        "codetype": "City"
    },
    {
        "createDate": 1433122377870,
        "Codeid": "151",
        "codevalue": "BITU",
        "codedesc": "Bitung",
        "codetype": "City"
    },
    {
        "createDate": 1433122377873,
        "Codeid": "152",
        "codevalue": "BLAN",
        "codedesc": "Blangkejeren",
        "codetype": "City"
    },
    {
        "createDate": 1433122377873,
        "Codeid": "153",
        "codevalue": "BLIT",
        "codedesc": "Blitar",
        "codetype": "City"
    },
    {
        "createDate": 1433122377877,
        "Codeid": "154",
        "codevalue": "BOGO",
        "codedesc": "Bogor",
        "codetype": "City"
    },
    {
        "createDate": 1433122377877,
        "Codeid": "155",
        "codevalue": "BONT",
        "codedesc": "Bontang",
        "codetype": "City"
    },
    {
        "createDate": 1433122377880,
        "Codeid": "156",
        "codevalue": "BUKI",
        "codedesc": "Bukittinggi",
        "codetype": "City"
    },
    {
        "createDate": 1433122377880,
        "Codeid": "157",
        "codevalue": "CIAN",
        "codedesc": "Cianjur",
        "codetype": "City"
    },
    {
        "createDate": 1433122377880,
        "Codeid": "158",
        "codevalue": "CILE",
        "codedesc": "Cilegon",
        "codetype": "City"
    },
    {
        "createDate": 1433122377880,
        "Codeid": "159",
        "codevalue": "CIMA",
        "codedesc": "Cimahi",
        "codetype": "City"
    },
    {
        "createDate": 1433122377883,
        "Codeid": "160",
        "codevalue": "CIRE",
        "codedesc": "Cirebon",
        "codetype": "City"
    },
    {
        "createDate": 1433122377887,
        "Codeid": "161",
        "codevalue": "DENP",
        "codedesc": "Denpasar",
        "codetype": "City"
    },
    {
        "createDate": 1433122377887,
        "Codeid": "162",
        "codevalue": "DEPO",
        "codedesc": "Depok",
        "codetype": "City"
    },
    {
        "createDate": 1433122377887,
        "Codeid": "163",
        "codevalue": "DUMA",
        "codedesc": "Dumai",
        "codetype": "City"
    },
    {
        "createDate": 1433122377890,
        "Codeid": "164",
        "codevalue": "GORO",
        "codedesc": "Gorontalo",
        "codetype": "City"
    },
    {
        "createDate": 1433122377890,
        "Codeid": "165",
        "codevalue": "JAKA",
        "codedesc": "Jakarta",
        "codetype": "City"
    },
    {
        "createDate": 1433122377893,
        "Codeid": "166",
        "codevalue": "JAMB",
        "codedesc": "Jambi",
        "codetype": "City"
    },
    {
        "createDate": 1433122377893,
        "Codeid": "167",
        "codevalue": "JAYA",
        "codedesc": "Jayapura",
        "codetype": "City"
    },
    {
        "createDate": 1433122377897,
        "Codeid": "168",
        "codevalue": "KEDI",
        "codedesc": "Kediri",
        "codetype": "City"
    },
    {
        "createDate": 1433122377897,
        "Codeid": "169",
        "codevalue": "KEND",
        "codedesc": "Kendari",
        "codetype": "City"
    },
    {
        "createDate": 1433122377900,
        "Codeid": "170",
        "codevalue": "KOTA",
        "codedesc": "Kota Sorong",
        "codetype": "City"
    },
    {
        "createDate": 1433122377900,
        "Codeid": "171",
        "codevalue": "KUPA",
        "codedesc": "Kupang",
        "codetype": "City"
    },
    {
        "createDate": 1433122377900,
        "Codeid": "172",
        "codevalue": "LANG",
        "codedesc": "Langsa",
        "codetype": "City"
    },
    {
        "createDate": 1433122377903,
        "Codeid": "173",
        "codevalue": "LHOK",
        "codedesc": "Lhokseumawe",
        "codetype": "City"
    },
    {
        "createDate": 1433122377903,
        "Codeid": "174",
        "codevalue": "LUBU",
        "codedesc": "Lubuklinggau",
        "codetype": "City"
    },
    {
        "createDate": 1433122377907,
        "Codeid": "175",
        "codevalue": "MADI",
        "codedesc": "Madiun",
        "codetype": "City"
    },
    {
        "createDate": 1433122377910,
        "Codeid": "176",
        "codevalue": "MAGE",
        "codedesc": "Magelang",
        "codetype": "City"
    },
    {
        "createDate": 1433122377910,
        "Codeid": "177",
        "codevalue": "MAKA",
        "codedesc": "Makassar",
        "codetype": "City"
    },
    {
        "createDate": 1433122377910,
        "Codeid": "178",
        "codevalue": "MALA",
        "codedesc": "Malang",
        "codetype": "City"
    },
    {
        "createDate": 1433122377913,
        "Codeid": "179",
        "codevalue": "MANA",
        "codedesc": "Manado",
        "codetype": "City"
    },
    {
        "createDate": 1433122377917,
        "Codeid": "180",
        "codevalue": "MANO",
        "codedesc": "Manokwari",
        "codetype": "City"
    },
    {
        "createDate": 1433122377920,
        "Codeid": "181",
        "codevalue": "MATA",
        "codedesc": "Mataram",
        "codetype": "City"
    },
    {
        "createDate": 1433122377920,
        "Codeid": "182",
        "codevalue": "MEDA",
        "codedesc": "Medan",
        "codetype": "City"
    },
    {
        "createDate": 1433122377920,
        "Codeid": "183",
        "codevalue": "MERA",
        "codedesc": "Merauke",
        "codetype": "City"
    },
    {
        "createDate": 1433122377923,
        "Codeid": "184",
        "codevalue": "METR",
        "codedesc": "Metro",
        "codetype": "City"
    },
    {
        "createDate": 1433122377923,
        "Codeid": "185",
        "codevalue": "MEUL",
        "codedesc": "Meulaboh",
        "codetype": "City"
    },
    {
        "createDate": 1433122377927,
        "Codeid": "186",
        "codevalue": "MOJO",
        "codedesc": "Mojokerto",
        "codetype": "City"
    },
    {
        "createDate": 1433122377927,
        "Codeid": "187",
        "codevalue": "PADA",
        "codedesc": "Padang",
        "codetype": "City"
    },
    {
        "createDate": 1433122377930,
        "Codeid": "188",
        "codevalue": "PADP",
        "codedesc": "Padang Panjang",
        "codetype": "City"
    },
    {
        "createDate": 1433122377930,
        "Codeid": "189",
        "codevalue": "PADS",
        "codedesc": "Padang Sidempuan",
        "codetype": "City"
    },
    {
        "createDate": 1433122377933,
        "Codeid": "190",
        "codevalue": "PAGA",
        "codedesc": "Pagar Alam",
        "codetype": "City"
    },
    {
        "createDate": 1433122377937,
        "Codeid": "191",
        "codevalue": "PALA",
        "codedesc": "Palangkaraya",
        "codetype": "City"
    },
    {
        "createDate": 1433122377937,
        "Codeid": "192",
        "codevalue": "PALE",
        "codedesc": "Palembang",
        "codetype": "City"
    },
    {
        "createDate": 1433122377940,
        "Codeid": "193",
        "codevalue": "PALO",
        "codedesc": "Palopo",
        "codetype": "City"
    },
    {
        "createDate": 1433122377940,
        "Codeid": "194",
        "codevalue": "PALU",
        "codedesc": "Palu",
        "codetype": "City"
    },
    {
        "createDate": 1433122377940,
        "Codeid": "195",
        "codevalue": "PANG",
        "codedesc": "Pangkal Pinang",
        "codetype": "City"
    },
    {
        "createDate": 1433122377943,
        "Codeid": "196",
        "codevalue": "PARE",
        "codedesc": "Pare-Pare",
        "codetype": "City"
    },
    {
        "createDate": 1433122377947,
        "Codeid": "197",
        "codevalue": "PARI",
        "codedesc": "Pariaman",
        "codetype": "City"
    },
    {
        "createDate": 1433122377947,
        "Codeid": "198",
        "codevalue": "PASU",
        "codedesc": "Pasuruan",
        "codetype": "City"
    },
    {
        "createDate": 1433122377950,
        "Codeid": "199",
        "codevalue": "PAYA",
        "codedesc": "Payakumbuh",
        "codetype": "City"
    },
    {
        "createDate": 1433122377950,
        "Codeid": "200",
        "codevalue": "PEKL",
        "codedesc": "Pekalongan",
        "codetype": "City"
    },
    {
        "createDate": 1433122377953,
        "Codeid": "201",
        "codevalue": "PEKN",
        "codedesc": "Pekanbaru",
        "codetype": "City"
    },
    {
        "createDate": 1433122377953,
        "Codeid": "202",
        "codevalue": "PEMA",
        "codedesc": "Pematang Siantar",
        "codetype": "City"
    },
    {
        "createDate": 1433122377957,
        "Codeid": "203",
        "codevalue": "PONT",
        "codedesc": "Pontianak",
        "codetype": "City"
    },
    {
        "createDate": 1433122377957,
        "Codeid": "204",
        "codevalue": "PRAB",
        "codedesc": "Prabumulih",
        "codetype": "City"
    },
    {
        "createDate": 1433122377960,
        "Codeid": "205",
        "codevalue": "PROB",
        "codedesc": "Probolinggo",
        "codetype": "City"
    },
    {
        "createDate": 1433122377960,
        "Codeid": "206",
        "codevalue": "PURW",
        "codedesc": "Purwokerto",
        "codetype": "City"
    },
    {
        "createDate": 1433122377960,
        "Codeid": "207",
        "codevalue": "REDE",
        "codedesc": "Redelong (Simpang Tiga Redelong)",
        "codetype": "City"
    },
    {
        "createDate": 1433122377963,
        "Codeid": "208",
        "codevalue": "SABA",
        "codedesc": "Sabang",
        "codetype": "City"
    },
    {
        "createDate": 1433122377963,
        "Codeid": "209",
        "codevalue": "SALA",
        "codedesc": "Salatiga",
        "codetype": "City"
    },
    {
        "createDate": 1433122377967,
        "Codeid": "210",
        "codevalue": "SAMA",
        "codedesc": "Samarinda",
        "codetype": "City"
    },
    {
        "createDate": 1433122377967,
        "Codeid": "211",
        "codevalue": "SAWA",
        "codedesc": "Sawah Lunto",
        "codetype": "City"
    },
    {
        "createDate": 1433122377970,
        "Codeid": "212",
        "codevalue": "SEMA",
        "codedesc": "Semarang",
        "codetype": "City"
    },
    {
        "createDate": 1433122377970,
        "Codeid": "213",
        "codevalue": "SERA",
        "codedesc": "Serang",
        "codetype": "City"
    },
    {
        "createDate": 1433122377970,
        "Codeid": "214",
        "codevalue": "SIBO",
        "codedesc": "Sibolga",
        "codetype": "City"
    },
    {
        "createDate": 1433122377973,
        "Codeid": "215",
        "codevalue": "SIGL",
        "codedesc": "Sigli",
        "codetype": "City"
    },
    {
        "createDate": 1433122377973,
        "Codeid": "216",
        "codevalue": "SING",
        "codedesc": "Singkawang",
        "codetype": "City"
    },
    {
        "createDate": 1433122377973,
        "Codeid": "217",
        "codevalue": "SINL",
        "codedesc": "Singkil",
        "codetype": "City"
    },
    {
        "createDate": 1433122377977,
        "Codeid": "218",
        "codevalue": "SOLO",
        "codedesc": "Solok",
        "codetype": "City"
    },
    {
        "createDate": 1433122377977,
        "Codeid": "219",
        "codevalue": "SOUT",
        "codedesc": "South Tangerang",
        "codetype": "City"
    },
    {
        "createDate": 1433122377980,
        "Codeid": "220",
        "codevalue": "SUKA",
        "codedesc": "Sukabumi",
        "codetype": "City"
    },
    {
        "createDate": 1433122377980,
        "Codeid": "221",
        "codevalue": "SURB",
        "codedesc": "Surabaya",
        "codetype": "City"
    },
    {
        "createDate": 1433122377980,
        "Codeid": "222",
        "codevalue": "SURK",
        "codedesc": "Surakarta",
        "codetype": "City"
    },
    {
        "createDate": 1433122377983,
        "Codeid": "223",
        "codevalue": "TAKE",
        "codedesc": "Takengon",
        "codetype": "City"
    },
    {
        "createDate": 1433122377987,
        "Codeid": "224",
        "codevalue": "TANB",
        "codedesc": "Tanjung Balai",
        "codetype": "City"
    },
    {
        "createDate": 1433122377987,
        "Codeid": "225",
        "codevalue": "TANG",
        "codedesc": "Tangerang",
        "codetype": "City"
    },
    {
        "createDate": 1433122377990,
        "Codeid": "226",
        "codevalue": "TANP",
        "codedesc": "Tanjung Pinang",
        "codetype": "City"
    },
    {
        "createDate": 1433122377990,
        "Codeid": "227",
        "codevalue": "TAPA",
        "codedesc": "Tapaktuan",
        "codetype": "City"
    },
    {
        "createDate": 1433122377993,
        "Codeid": "228",
        "codevalue": "TARA",
        "codedesc": "Tarakan",
        "codetype": "City"
    },
    {
        "createDate": 1433122377993,
        "Codeid": "229",
        "codevalue": "TASI",
        "codedesc": "Tasikmalaya",
        "codetype": "City"
    },
    {
        "createDate": 1433122377997,
        "Codeid": "230",
        "codevalue": "TEBI",
        "codedesc": "Tebing Tinggi",
        "codetype": "City"
    },
    {
        "createDate": 1433122378000,
        "Codeid": "231",
        "codevalue": "TEGA",
        "codedesc": "Tegal",
        "codetype": "City"
    },
    {
        "createDate": 1433122378000,
        "Codeid": "232",
        "codevalue": "TENG",
        "codedesc": "Tenggarong",
        "codetype": "City"
    },
    {
        "createDate": 1433122378300,
        "Codeid": "233",
        "codevalue": "TERN",
        "codedesc": "Ternate",
        "codetype": "City"
    },
    {
        "createDate": 1433122378300,
        "Codeid": "234",
        "codevalue": "TIDO",
        "codedesc": "Tidore",
        "codetype": "City"
    },
    {
        "createDate": 1433122378700,
        "Codeid": "235",
        "codevalue": "TOMO",
        "codedesc": "Tomohon",
        "codetype": "City"
    },
    {
        "createDate": 1433122378700,
        "Codeid": "236",
        "codevalue": "TUAL",
        "codedesc": "Tual",
        "codetype": "City"
    },
    {
        "createDate": 1433122378700,
        "Codeid": "237",
        "codevalue": "YOGY",
        "codedesc": "Yogyakarta",
        "codetype": "City"
    }
]