{"createDate":1524102473950,"lastChangeDate":1524102473950,"createBy":"50000004","lastChangeBy":"50000004","quotationno":"Q000000055","verno":1,"verStatus":"QVStatusNeg","paymentmode":"PM01","employeemaxage":69,"spousemaxage":69,"childmaxage":25,"averageage":null,"femaleAverageAge":null,"inpatientprovider":"ADMED","outpatientprovider":"ADMED","premiumApprovedBy":null,"totalGrossPremium":null,"discountApprovedBy":null,"reviewedBy":null,"approvedPremium":null,"commencedate":null,"renewdate":null,"subsidiary":null,"breakbill":null,"waiving":null,"specialCondition":null,"maternitymaxage":49,"noofChild":null,"profitShare":null,"savedProfitShare":null,"fcl":null,"savedFCL":null,"profitShare1":null,"savedProfitShare1":null,"isSystemEmployeeSeq":null,"verStatusDesc":null,"paymentmodeDesc":"Annually","outpatienDesc":"AdMedika","inpatienDesc":"AdMedika","commencedate2":null,"renewdate2":null,"lastChangeDateSummary":null,"lastUpdCensusRenewal":null,"quotationVerBenefit":[{"coveragecode":"MBB","benefittype":"AsCharge","benefititem":"OL","benefititemdesc":"Buffer","seqno":1,"limit":null,"displayLimit":"TRUE","isRequired":"","ratio":0.0,"refItem":null,"minVal":1.0E7,"maxVal":null,"refMaxMinItem":null,"limitRange":1.0E7}]}