[
    {
        "createDate": 1438062333180,
        "lastChangeDate": 1438062333180,
        "createBy": "admin",
        "lastChangeBy": "admin",
        "minAge": 0,
        "maxAge": 125,
        "relationship": "CH",
        "effectivedate": "2.0150101E7"
    },
    {
        "createDate": 1438062333177,
        "lastChangeDate": 1438062333177,
        "createBy": "admin",
        "lastChangeBy": "admin",
        "minAge": 18,
        "maxAge": 69,
        "relationship": "EE",
        "effectivedate": "2.0150101E7"
    },
    {
        "createDate": 1438062333180,
        "lastChangeDate": 1438062333180,
        "createBy": "admin",
        "lastChangeBy": "admin",
        "minAge": 18,
        "maxAge": 69,
        "relationship": "SP",
        "effectivedate": "2.0150101E7"
    }
]