[
    {
        "createDate": 1528683520384,
        "clientcode": "C000000001",
        "clientname": "Thomas",
        "address1": "line 1",
        "address2": "line 2",
        "address3": null,
        "address4": null,
        "telephone": "12345678",
        "personincharge": "tom",
        "email": "a@a.com"
    },
    {
        "createDate": 1528683520384,
        "clientcode": "C000000002",
        "clientname": "Joanne",
        "address1": "line 1",
        "address2": "line 2",
        "address3": null,
        "address4": null,
        "telephone": "12345678",
        "personincharge": "Jo",
        "email": "a@a.com"
    },
    {
        "createDate": 1528683520384,
        "clientcode": "C000000003",
        "clientname": "Joshua",
        "address1": "line 1",
        "address2": "line 2",
        "address3": null,
        "address4": null,
        "telephone": "12345678",
        "personincharge": "josh",
        "email": "a@a.com"
    }

]