[
    {
        "SettingName"   : "customer",
        "TargetPath"    : "SmallAppViewModel.RidiQuotContainerViewModel.RidiQuotViewModel.customer",
        "ConditonalStatus"  : "status",
        "StatusValue" : "view" ,
        "TargetValue" : false,
        "PathTailOnly" :  false
    },
    {
        "SettingName"   : "deposit",
        "TargetPath"    : "deposit",
        "ConditonalStatus"  : "status",
        "StatusValue" : "view" ,
        "TargetValue" : false,
        "PathTailOnly" :  true
    }    
    ,
    {
        "SettingName"   : "CmdEdit",
        "TargetPath"    : "SmallAppViewModel.RidiQuotContainerViewModel.RidiQuotViewModel.CmdEdit",
        "ConditonalStatus"  : "status",
        "StatusValue" : "edit" ,
        "TargetValue" : false,
        "PathTailOnly" :  true
    }     
]
