[

    
    {
        "SettingName"   : "all",
        "TargetPath"    : "SmallAppViewModel.RidiQuotContainerViewModel.RidiQuotViewModel",
        "ConditonalStatus"  : "status",
        "StatusValue" : "view" ,
        "TargetValue" : false,
        "PathTailOnly" :  false
    },

    {
        "SettingName"   : "CmdEdit@view",
        "TargetPath"    : "RidiQuotViewModel.CmdEdit",
        "ConditonalStatus"  : "status",
        "StatusValue" : "view" ,
        "TargetValue" : true,
        "PathTailOnly" :  true
    } ,
    {
        "SettingName"   : "CmdEdit@edit",
        "TargetPath"    : "SmallAppViewModel.RidiQuotContainerViewModel.RidiQuotViewModel.CmdEdit",
        "ConditonalStatus"  : "status",
        "StatusValue" : "edit" ,
        "TargetValue" : false,
        "PathTailOnly" :  false
    } ,
    {
                
        "SettingName"   : "CmdEdit@edit",
        "TargetPath"    : "RidiLineViewModel.discount",
        "TargetValue" : false,
        "PathTailOnly" :  true
    }     

]
