[
    {
        "SettingName"   : "customer",
        "TargetPath"    : "SmallAppViewModel.RidiQuotContainerViewModel.RidiQuotViewModel.customer",
        "TargetValue" : false,
        "PathTailOnly" :  false
    },
    {
        "SettingName"   : "customer_edit",
        "TargetPath"    : "SmallAppViewModel.RidiQuotContainerViewModel.RidiQuotViewModel.customer",
        "TargetValue"   : false,
        "PathTailOnly" :  false
    },    
    {
        "SettingName"   : "deposit",
        "TargetPath"    : "deposit",
        "ConditonalStatus"  : "status",
        "StatusValue" : "view" ,
        "TargetValue" : false,
        "PathTailOnly" :  true
    }    
]
